{
    "macro_f1_score": 0.13054676353931427,
    "loss": 0.6783460974693298
}