{
    "macro_f1_score": 0.3917240798473358,
    "loss": 0.14889781177043915
}