{
    "macro_f1_score": 0.3941299021244049,
    "loss": 0.2157289832830429
}