{
    "macro_f1_score": 0.41092321276664734,
    "loss": 0.15927618741989136
}