{
    "macro_f1_score": 0.2713177502155304,
    "loss": 0.2220386117696762
}