{
    "macro_f1_score": 0.14814810454845428,
    "loss": 0.20384202897548676
}