{
    "macro_f1_score": 0.12682923674583435,
    "loss": 0.23651255667209625
}