{
    "macro_f1_score": 0.11764704436063766,
    "loss": 0.2017214298248291
}