{
    "macro_f1_score": 0.1108579933643341,
    "loss": 0.4641963839530945
}