{
    "macro_f1_score": 0.23977428674697876,
    "loss": 0.6007217168807983
}