{
    "macro_f1_score": 0.49608346819877625,
    "loss": 0.1894739419221878
}