{
    "macro_f1_score": 0.40909087657928467,
    "loss": 0.16803452372550964
}