{
    "macro_f1_score": 0.38678085803985596,
    "loss": 0.22712352871894836
}