{
    "macro_f1_score": 0.9848942160606384,
    "loss": 0.006151057779788971
}